,Date,Unix,Ticker,Price,stock_p_change,SP500,sp500_p_change,Difference,DE Ratio,Trailing P/E,Price/Sales,Price/Book,Profit Margin,Operating Margin,Return on Assets,Return on Equity,Revenue Per Share,Market Cap,Enterprise Value,Forward P/E,PEG Ratio,Enterprise Value/Revenue,Enterprise Value/EBITDA,Revenue,Gross Profit,EBITDA,Net Income Avl to Common ,Diluted EPS,Earnings Growth,Revenue Growth,Total Cash,Total Cash Per Share,Total Debt,Current Ratio,Book Value Per Share,Cash Flow,Beta,Held by Insiders,Held by Institutions,Shares Short (as of,Short Ratio,Short % of Float,Shares Short (prior ,Status
0,2005-04-20 15:38:44,1113982724.0,ctas,39.25,-1.9240379810095027,1137.5,-25.1033742980894,23.179336317079898,0.227,23.35,2.31,3.33,9.69,15.38,10.04,14.81,17.35,6750000000.0,7020000000.0,19.72,1.46,2.34,11.63,2.34,1190000000.0,11.63,290290000.0,1.68,9.20,4.70,367790000.0,2.14,472360000.0,3.094,12.093,437500000.0,0.813,28.82,65.87,6170000.0,6.479,5.04,6360000.0,outperform
1,2005-02-22 13:02:43,1109048563.0,ctas,43.99,9.92003998000999,1184.160034,-22.031128933925512,31.951168913935504,0.231,26.61,2.57,3.68,9.72,15.42,10.12,15.01,17.015,7550000000.0,7670000000.0,21.78,1.57,2.61,12.89,2.61,1190000000.0,12.89,285450000.0,1.65,9.20,4.70,356160000.0,2.07,475330000.0,3.445,11.97,456800000.0,1.123,28.84,63.20,5420000.0,4.74,4.44,4640000.0,outperform
2,2013-04-26 17:42:40,1366969360.0,ctas,44.65,11.569215392303835,1582.23999,4.179724221208595,7.389491171095241,61.46,18.46,1.30,2.59,7.26,13.06,8.17,14.24,33.78,6550000000.0,6550000000.0,16.09,1.75,1.55,8.91,1.55,1740000000.0,8.91,305370000.0,2.42,1.70,6.30,245690000.0,2.01,1310000000.0,3.01,17.36,530490000.0,0.81,16.36,74.60,5060000.0,8.00,5.60,5860000.0,outperform
3,2004-10-26 07:45:57,1098747957.0,ctas,41.57,3.8730634682658596,1111.089966,-26.842295116790705,30.715358585056563,0.247,25.47,2.49,3.65,9.77,15.50,10.27,15.36,16.704,7140000000.0,7360000000.0,20.28,1.47,2.55,12.49,2.55,1190000000.0,12.49,281540000.0,1.632,9.20,4.70,263980000.00000003,1.54,484740000.0,3.784,11.465,490490000.0,1.149,28.87,63.20,5000000.0,6.722,4.10,5200000.0,outperform
4,2012-10-24 21:51:21,1351086681.0,vz,44.23,27.170787809085667,1408.75,9.257937499969222,17.912850309116443,57.00,40.88,1.10,3.34,2.70,13.32,4.14,13.62,40.13,168270000000.0,168270000000.0,15.47,1.59,1.47,5.30,1.47,65000000000.0,5.30,3080000000.0,1.08,15.50,3.90,10310000000.0,3.61,52800000000.0,0.96,13.19,33030000000.0,0.45,0.01,54.50,48250000.0,3.50,1.70,43410000.0,outperform
5,2012-01-01 14:15:14,1325398514.0,vz,40.12,15.35365152386428,1263.02002,-2.0443922581225427,17.39804378198682,62.75,16.13,1.04,2.90,6.49,22.35,6.77,17.50,38.44,157640000000.0,157640000000.0,15.73,1.52,1.45,3.87,1.45,62420000000.0,3.87,7070000000.0,2.49,109.30,5.40,10860000000.0,3.84,54920000000.0,0.80,13.79,29760000000.0,0.52,0.01,54.00,43280000.0,3.30,1.50,40130000.0,outperform
6,2012-06-20 20:46:19,1340196379.0,vz,43.3,24.496837262794696,1355.689941,5.14277681853769,19.354060444257005,58.35,46.46,1.11,3.39,2.36,17.46,5.43,12.23,39.54,169290000000.0,169290000000.0,15.52,1.62,1.51,4.69,1.51,65000000000.0,4.69,2650000000.0,0.93,17.20,4.60,6540000000.0,2.30,51600000000.0,1.03,12.91,30700000000.0,0.40,0.01,53.90,43850000.0,3.60,1.60,43800000.0,outperform
7,2005-01-17 01:53:02,1105897982.0,vz,36.84,5.922944220816567,1184.52002,-8.132589662734848,14.055533883551416,1.152,17.30,1.46,2.92,8.47,17.47,3.63,17.45,25.026,102010000000.0,140930000000.0,14.01,2.94,2.01,5.41,2.01,45970000000.0,5.41,5940000000.0,2.129,24.60,0.20,1600000000.0,0.58,40520000000.0,0.767,12.703,21700000000.0,1.003,1.00,57.93,16410000.0,2.899,0.60,18950000.0,outperform
8,2004-06-28 23:14:22,1088435662.0,vz,35.96,3.3927544565842425,1133.349976,-12.101167103176849,15.493921559761091,1.327,35.85,1.45,2.96,4.09,9.18,1.68,8.13,24.546,99620000000.0,141050000000.0,14.10,2.58,2.06,7.07,2.06,45970000000.0,7.07,2800000000.0,1.003,24.60,0.20,2490000000.0,0.9,44450000000.0,0.689,12.091,20710000000.0,0.973,1.00,55.30,18700000.0,2.943,0.68,17060000.0,outperform
9,2011-11-19 05:42:29,1321652549.0,vz,36.46,4.830362277170787,1236.910034,-4.069395430092775,8.89975770726356,62.75,14.66,0.95,2.66,6.49,22.35,6.77,17.50,38.44,147960000000.0,147960000000.0,14.30,1.65,1.36,3.63,1.36,62420000000.0,3.63,7070000000.0,2.49,109.30,5.40,10860000000.0,3.84,54920000000.0,0.80,13.79,147960000000.0,0.42,0.01,54.00,41270000.0,2.50,1.50,46920000.0,outperform
10,2004-04-14 16:43:18,1081932198.0,vz,37.2,6.958021851638878,1128.170044,-12.502905301373898,19.460927153012776,1.356,29.48,1.52,3.07,5.18,11.06,2.09,10.25,24.367,103020000000.0,145360000000.0,14.76,6.83,2.15,6.89,2.15,67620000000.00001,6.89,3510000000.0,1.262,948.60,0.60,2870000000.0,1.04,45380000000.0,0.688,12.084,22300000000.0,1.014,1.00,54.21,23700000.0,3.362,0.86,15380000.0,outperform
11,2004-12-09 07:57:30,1102550250.0,vz,41.35,18.89016676250719,1189.23999,-7.7665245786093875,26.656691341116577,1.152,19.42,1.63,3.26,8.47,17.47,3.63,17.45,25.026,114500000000.0,153530000000.0,15.55,3.15,2.19,5.9,2.19,45970000000.0,5.9,5940000000.0,2.129,24.60,0.20,1600000000.0,0.58,40520000000.0,0.767,12.703,21700000000.0,0.969,1.00,57.85,18950000.0,2.502,0.69,19030000.0,outperform
12,2013-09-06 01:19:11,1378401551.0,vz,46.64,34.10005750431282,1655.170044,28.36945179710616,5.730605707206664,57.08,85.42,1.13,3.93,1.32,13.42,4.42,13.99,41.31,184190000000.0,184190000000.0,14.48,1.64,1.56,5.68,1.56,69570000000.0,5.68,1560000000.0,0.55,23.10,4.30,2410000000.0,0.84,49750000000.0,0.75,11.90,33360000000.0,0.23,0.02,57.10,46710000.0,5.60,1.60,46900000.0,outperform
13,2013-04-25 05:46:09,1366839969.0,vz,51.8,48.936170212765944,1585.160034,22.939709616483466,25.99646059628248,60.38,129.82,1.28,4.50,0.98,12.79,4.17,13.07,40.93,195200000000.0,195200000000.0,16.39,2.24,1.67,6.19,1.67,69570000000.0,6.19,1140000000.0,0.40,15.80,4.20,6140000000.0,2.14,52880000000.0,0.80,11.62,33060000000.000004,0.34,0.02,56.20,57640000.0,4.50,2.00,60960000.0,outperform
14,2005-05-27 22:34:02,1117204442.0,vz,35.46,1.955146635997699,1198.780029,-7.0266310667660745,8.981777702763774,1.032,11.86,1.35,2.58,11.59,25.74,7.10,21.92,26.142,98120000000.0,134300000000.00002,13.13,3.07,1.86,4.121,1.86,48120000000.0,4.121,7840000000.0,2.99,46.50,6.60,2710000000.0,0.98,39190000000.0,0.735,13.725,21710000000.0,0.859,0.09,56.80,24840000.0,2.7,0.90,20990000.0,outperform
15,2011-04-25 20:49:06,1303735746.0,vz,36.99,6.354226566992526,1335.25,3.557523369536044,2.796703197456482,60.74,41.10,0.98,2.71,2.39,17.42,5.19,11.95,37.66,149970000000.0,149970000000.0,14.06,1.73,1.41,4.29,1.41,62420000000.0,4.29,2550000000.0,0.90,146.90,2.60,7210000000.0,2.55,52790000000.0,0.73,13.64,149970000000.0,0.59,0.01,54.00,43890000.0,2.40,1.60,36810000.0,outperform
16,2005-04-03 21:33:08,1112535188.0,vz,35.19,1.1788384128809564,1180.589966,-8.437391504298997,9.616229917179954,1.045,13.53,1.38,2.62,10.19,18.40,4.44,20.70,25.371,97470000000.0,132190000000.0,13.23,3.09,1.85,4.89,1.85,48120000000.0,4.89,7260000000.0,2.60,154.50,5.20,4550000000.0,1.64,39270000000.0,0.842,13.56,21820000000.0,1.014,1.00,57.43,23280000.0,2.832,0.85,21880000.0,outperform
17,2005-04-27 12:08:14,1114574894.0,gme,24.58,0.0,1156.380005,0.0,0.0,0.067,22.61,0.68,2.30,3.31,5.38,6.94,10.70,31.885,1250000000.0,1120000000.0,14.81,0.84,0.61,8.2,0.61,514200000.00000006,8.2,60930000.0,1.09,4.00,16.70,170990000.0,3.36,36520000.0,1.351,10.683,145990000.0,0.996,81.73,45.88,3820000.0,7.282,41.03,3900000.0,underperform
18,2004-09-28 01:55:00,1096307700.0,gme,17.92,-27.09519934906427,1110.060059,-4.00559900722255,-23.08960034184172,1.746,16.47,0.62,1.71,3.87,6.36,7.70,11.15,28.012,1010000000.0,868150000.0,12.99,0.78,0.52,6.25,0.52,436570000.0,6.25,64599999.99999999,1.088,21.10,16.70,159750000.0,2.84,1.746,1.746,10.661,119420000.0,0.95,64.31,39.43,2530000.0,11.439,12.58,2320000.0,underperform
19,2012-03-16 04:45:49,1331844349.0,gme,23.81,-3.1326281529698927,1404.170044,21.428080555578266,-24.56070870854816,4.21,8.54,0.33,1.10,4.17,6.65,7.55,14.03,67.42,2890000000.0,2890000000.0,7.53,1.01,0.30,3.48,0.30,2540000000.0,3.48,403000000.0,2.79,1.50,2.50,442600000.0,3.24,124700000.0,1.06,21.41,886500000.0,1.01,1.68,6.80,54850000.0,15.00,44.90,50620000.0,underperform
20,2004-04-23 18:18:58,1082715538.0,gme,18.17,-26.078112286411702,1140.599976,-1.364605833010751,-24.713506453400953,1.665,17.01,0.67,1.77,4.02,6.61,7.81,11.36,26.418,1040000000.0,852280000.0,13.17,0.84,0.54,6.39,0.54,343300000.0,6.39,63470000.0,1.068,652.90,20.70,204900000.0,3.59,1.665,1.665,10.477,66700000.0,1.003,63.52,33.26,2290000.0,10.905,11.01,1960000.0,underperform
21,2005-01-19 18:07:59,1106129279.0,gme,19.55,-20.463791700569562,1184.630005,2.442968563781073,-22.906760264350634,0.147,17.49,0.56,1.94,3.75,6.14,7.60,11.59,29.793,991910000.0,952700000.0,14.17,0.81,0.54,6.69,0.54,436570000.0,6.69,65970000.0,1.118,21.10,16.70,101560000.0,74020000.0,74020000.0,1.223,9.976,135850000.0,0.992,81.67,43.89,3320000.0,3.57,35.70,2770000.0,underperform
22,2012-01-11 04:22:41,1326226961.0,gme,24.23,-1.4239218877135797,1292.47998,11.769485325889917,-13.193407213603496,4.21,8.69,0.34,1.12,4.17,6.65,7.55,14.03,67.42,2950000000.0,2950000000.0,7.69,1.03,0.31,3.56,0.31,2540000000.0,3.56,403000000.0,2.79,1.50,2.50,442600000.0,3.24,124700000.0,1.06,21.41,886500000.0,0.57,1.68,6.80,40110000.0,9.50,32.80,40660000.0,underperform
23,2004-09-07 03:17:44,1094498264.0,pom,20.35,0.0,1121.300049,0.0,0.0,2.012,14.73,0.50,1.16,3.34,9.93,1.78,7.85,41.38,3510000000.0,9730000000.0,13.21,4.03,1.37,8.52,1.37,1300000000.0,8.52,237000000.0,1.382,46.10,68.10,83900000.0,0.49,6300000000.0,0.841,17.775999,552000000.0,0.232,0.99,41.82,3840000.0,8.491,2.25,3810000.0,underperform
24,2005-05-11 00:22:35,1115742155.0,pom,22.03,8.255528255528253,1171.109985,4.442159442017478,3.813368813510775,1.729,14.77,0.58,1.24,3.58,10.59,1.92,8.15,40.847,4150000000.0000005,10060000000.0,14.12,3.75,1.39,8.35,1.39,1490000000.0,8.35,259200000.0,1.49,127.90,0.70,29600000.0,0.16,5910000000.0,0.851,17.875,734600000.0,0.182,0.67,47.98,1540000.0,1.961,0.82,2049999.9999999998,outperform
25,2011-05-09 06:48:37,1304894917.0,pom,19.55,-3.9312039312039344,1346.290039,20.065101236787697,-23.996305167991633,110.46,137.68,0.62,1.03,0.45,9.47,2.76,3.27,31.43,9070000000.0,9070000000.0,15.04,2.30,1.29,8.55,1.29,1380000000.0,8.55,139000000.0,0.14,19.50,8.10,20000000.0,0.09,4680000000.0,0.98,18.79,9070000000.0,0.52,0.29,52.30,13180000.0,9.00,5.90,13150000.0,underperform
26,2013-04-22 02:02:57,1366567377.0,pom,21.92,7.714987714987716,1562.5,39.34718021224309,-31.632192497255375,124.34,17.68,0.97,1.11,5.61,12.68,2.62,6.49,22.19,10550000000.0,10550000000.0,17.40,5.18,2.08,9.60,2.08,1520000000.0,9.60,285000000.0,1.24,126.30,9.50,25000000.0,0.11,5530000000.0,0.49,19.33,592000000.0,0.21,0.28,60.30,8940000.0,5.20,3.60,7810000.0,underperform
27,2005-02-12 03:37:44,1108150664.0,pom,22.79,11.990171990171978,1191.98999,6.304284126540701,5.685887863631278,1.726,20.79,0.61,1.24,2.72,9.07,1.42,6.12,40.641,4280000000.0000005,10210000000.0,14.99,3.85,1.45,9.51,1.45,1300000000.0,9.51,190700000.0,1.10,46.10,68.10,69000000.0,0.37,6020000000.0,0.829,18.243999,616200000.0,0.266,0.54,43.09,2320000.0,3.885,1.24,3050000.0,outperform
28,2004-10-26 09:34:13,1098754453.0,pom,20.44,0.44226044226044153,1111.089966,-0.9105576165010888,1.3528180587615304,2.012,14.79,0.49,1.14,3.34,9.93,1.78,7.85,41.38,3530000000.0,9750000000.0,13.45,4.67,1.37,8.54,1.37,1300000000.0,8.54,237000000.0,1.382,46.10,68.10,83900000.0,0.49,6300000000.0,0.841,17.775999,552000000.0,0.225,0.99,41.84,5350000.0,5.851,3.13,3840000.0,outperform
29,2011-09-25 19:57:36,1316951856.0,cnp,18.97,52.12510024057737,1129.560059,-6.684173415153648,58.80927365573102,274.28,15.85,0.95,2.40,6.10,15.33,4.12,16.13,19.87,16559999999.999998,16559999999.999998,15.55,2.62,1.96,7.66,1.96,2490000000.0,7.66,514000000.0,1.20,46.90,4.60,607000000.0,1.43,9090000000.0,0.87,7.78,16559999999.999998,0.65,0.40,70.30,5360000.0,0.90,1.30,5030000.0,outperform
30,2013-04-22 03:06:55,1366571215.0,cat,80.43,0.0,1562.5,0.0,0.0,228.37,9.48,0.80,3.01,8.62,13.21,6.37,36.94,100.94,89510000000.0,89510000000.0,9.01,0.75,1.36,7.77,1.36,18020000000.0,7.77,5680000000.0,8.48,54.90,6.80,3320000000.0,5.08,40150000000.0,1.43,26.76,5240000000.0,1.80,0.22,62.50,18830000.0,3.10,3.30,19140000.0,underperform
31,2005-02-04 04:32:23,1107462743.0,cat,91.8,14.136516225289059,1203.030029,-23.006078144,37.14259436928906,3.118,16.02,1.10,4.42,6.53,9.03,4.94,29.67,85.254,31330000000.0,53900000000.0,10.89,1.15,1.78,19.72,1.78,5820000000.0,19.72,2040000000.0,5.73,37.70,13.00,445000000.0,1.3,23280000000.0,1.349,20.575001,2190000000.0,1.065,0.01,73.31,5120000.0,2.336,1.50,7380000.0,outperform
32,2011-11-08 07:18:14,1320707894.0,cat,95.0,18.115131169961447,1275.920044,-18.341117184,36.45624835396145,233.25,14.52,1.11,4.37,7.81,11.60,5.80,35.21,86.69,94080000000.0,94080000000.0,10.52,0.61,1.69,10.56,1.69,11310000000.0,10.56,4350000000.0,6.54,44.10,41.20,1650000000.0,2.55,34299999999.999996,1.46,21.90,94080000000.0,1.94,0.27,66.90,17260000.0,1.50,3.00,17920000.0,outperform
33,2013-02-06 09:08:04,1360112884.0,cat,98.44,22.392142235484258,1512.119995,-3.2243203199999986,25.616462555484254,228.32,11.61,0.98,3.67,8.62,13.89,6.70,36.94,100.94,101260000000.0,101260000000.0,10.47,0.87,1.54,8.46,1.54,15730000000.0,8.46,5680000000.0,8.48,54.90,6.80,3310000000.0,5.05,40140000000.0,1.43,26.79,5240000000.0,1.86,0.22,65.00,19460000.0,3.40,3.40,18690000.0,outperform
34,2011-09-03 08:40:17,1315010417.0,cat,85.38,6.154419992540083,1218.890015,-21.991039040000004,28.14545903254009,247.48,14.12,1.12,4.27,7.83,11.70,5.65,34.36,79.99,80100000000.0,80100000000.0,9.26,0.75,1.57,9.61,1.57,11310000000.0,9.61,4000000000.0,6.05,43.60,36.70,9460000000.0,14.64,34390000000.0,1.73,20.73,80100000000.0,1.93,0.27,66.90,13490000.0,1.00,2.40,11900000.0,outperform
35,2013-05-12 19:32:38,1368358358.0,cat,88.62,10.182767624020885,1626.670044,4.106882815999997,6.075884808020888,221.07,11.95,0.94,3.24,7.88,11.96,5.47,29.55,96.47,95150000000.0,95150000000.0,11.01,0.93,1.51,9.13,1.51,18020000000.0,9.13,4980000000.0,7.42,44.50,17.30,3610000000.0,5.49,40500000000.0,1.46,27.79,6350000000.0,1.79,0.22,62.50,29560000.0,3.70,5.10,16559999.999999998,outperform
36,2005-01-25 09:39:53,1106617193.0,cat,88.12,9.561109038915824,1168.410034,-25.221757824,34.782866862915824,3.172,16.49,1.08,4.34,6.58,9.28,4.83,29.12,79.351,30070000000.0,51930000000.0,12.17,1.41,1.84,12.97,1.84,5820000000.0,12.97,1900000000.0,5.343,37.70,13.00,417000000.0,1.22,22270000000.0,1.42,20.575001,2190000000.0,1.065,0.01,74.80,5120000.0,2.336,1.50,7380000.0,outperform
37,2004-04-13 08:09:47,1081814987.0,cat,83.75,4.127813005097591,1129.439941,-27.715843775999993,31.843656781097586,3.26,26.59,1.24,4.64,4.74,7.42,3.06,18.02,64.744,28790000000.0,48260000000.0,14.69,1.66,2.12,15.9,2.12,5820000000.0,15.9,1100000000.0,3.15,37.70,13.00,342000000.0,0.99,19820000000.0,1.33,17.681,2069999999.9999998,1.069,0.22,75.04,7210000.0,3.119,2.10,6400000.0,outperform
38,2012-11-23 04:27:41,1353616061.0,cat,83.05,3.2574909859505037,1409.150024,-9.814398463999998,13.071889449950502,222.26,8.51,0.81,3.05,9.74,13.93,6.94,40.34,103.02,90780000000.0,90780000000.0,9.56,0.65,1.35,7.50,1.35,15730000000.0,7.50,6530000000.0,9.76,48.90,4.60,3390000000.0,5.19,39860000000.0,1.41,27.35,4760000000.0,1.83,0.22,65.00,18100000.0,2.50,3.10,18850000.0,outperform
39,2012-05-20 21:07:15,1337519235.0,cat,88.68,10.257366654233493,1304.859985,-16.488960959999996,26.74632761423349,232.43,11.18,0.91,3.83,8.37,12.12,6.37,37.40,97.61,92150000000.0,92150000000.0,7.73,0.52,1.46,8.97,1.46,15730000000.0,8.97,5290000000.0,7.93,29.50,23.40,1650000000.0,2.54,35960000000.0,1.39,22.95,6580000000.0,1.93,0.28,64.50,11700000.0,1.80,2.00,12310000.0,outperform
40,2012-11-16 12:42:01,1353040921.0,cat,81.3,1.0816859380827928,1359.880005,-12.967679680000002,14.049365618082794,222.26,8.33,0.79,2.97,9.74,13.93,6.94,40.34,103.02,89640000000.0,89640000000.0,9.27,0.65,1.34,7.41,1.34,15730000000.0,7.41,6530000000.0,9.76,48.90,4.60,3390000000.0,5.19,39860000000.0,1.41,27.35,4760000000.0,1.83,0.22,65.00,18100000.0,2.50,3.10,18850000.0,outperform
41,2012-03-10 09:16:00,1331342160.0,cat,110.22,37.03841850055948,1352.630005,-13.43167968,50.47009818055948,258.16,14.89,1.19,5.54,8.19,11.91,6.16,40.29,93.24,104140000000.0,104140000000.0,9.74,0.44,1.73,10.75,1.73,15730000000.0,10.75,4930000000.0,7.40,59.80,34.60,1830000000.0,2.83,34600000000.0,1.34,19.90,7010000000.0,1.99,0.28,64.50,13430000.0,1.80,2.40,14840000.0,outperform
42,2012-01-02 19:36:40,1325504200.0,cat,90.6,12.644535621036908,1257.599976,-19.513601536000003,32.15813715703691,233.25,13.85,1.05,4.14,7.81,11.67,5.83,35.21,86.69,91230000000.0,91230000000.0,10.03,0.58,1.64,10.20,1.64,11310000000.0,10.20,4350000000.0,6.54,44.10,41.20,1650000000.0,2.55,34299999999.999996,1.46,21.90,7580000000.0,2.11,0.27,66.90,16600000.000000002,2.10,2.90,15490000.0,outperform
43,2005-05-18 10:55:54,1116384954.0,cat,91.96,14.335446972522673,1185.560059,-24.124156224000007,38.45960319652268,3.154,14.88,0.98,4.06,6.63,9.10,5.21,31.21,90.4,31420000000.0,55340000000.0,10.24,1.05,1.72,12.75,1.72,7830000000.0,12.75,2200000000.0,6.18,85.20,32.90,517000000.0,1.51,24430000000.0,1.368,22.673,3990000000.0,1.046,0.29,74.53,4920000.0,1.837,1.45,6750000.0,outperform
44,2005-03-21 07:27:48,1111361268.0,cat,96.4,19.855775208255622,1183.780029,-24.238078144,44.09385335225562,3.151,16.82,1.09,4.45,6.53,9.03,4.94,29.67,85.254,32930000000.0,56010000000.0,11.41,1.20,1.85,13.56,1.85,7830000000.0,13.56,2040000000.0,5.73,85.20,32.90,445000000.0,1.3,23530000000.0,1.287,21.773001,3990000000.0,1.035,0.30,75.85,6700000.0,2.107,1.97,5120000.0,outperform
45,2004-10-23 05:48:06,1098481686.0,cat,77.34,-3.8418500559492768,1103.660034,-29.365757824,25.523907768050723,3.172,14.48,0.94,3.75,6.58,9.28,4.83,29.12,79.351,26510000000.0,48260000000.0,11.24,1.41,1.71,12.05,1.71,5820000000.0,12.05,1900000000.0,5.343,37.70,13.00,417000000.0,1.22,22270000000.0,1.42,20.541,1540000000.0,0.95,0.01,74.61,7730000.0,4.003,2.26,6360000.0,outperform
46,2012-07-19 10:15:20,1342664120.0,cat,82.52,2.5985328857391385,1376.51001,-11.903359360000003,14.501892245739143,232.43,10.40,0.85,3.60,8.37,12.12,6.37,37.40,97.61,88140000000.0,88140000000.0,7.55,0.49,1.40,8.58,1.40,15730000000.0,8.58,5290000000.0,7.93,29.50,23.40,1650000000.0,2.54,35960000000.0,1.39,22.95,6580000000.0,1.98,0.29,65.30,18150000.0,2.40,3.10,16320000.0,outperform
47,2004-08-10 02:02:44,1092074564.0,aapl,30.3,-68.24897830870796,1079.040039,19.30740798326655,-87.55638629197452,2.917,54.40,1.51,2.38,2.76,3.00,3.09,4.78,20.197,11750000000.0,6590000000.0,34.43,2.65,0.86,17.9,0.86,1710000000.0,17.9,211000000.0,0.557,6.20,8.10,4970000000.0,12.8,2.917,2.917,12.493,361000000.0,1.744,1.19,64.33,13030000.0,1.386,3.40,12480000.0,underperform
48,2004-10-12 05:40:57,1097530857.0,aapl,38.59,-59.56198260505082,1121.839966,24.039714633328707,-83.60169723837953,2.917,69.28,1.98,3.13,2.76,3.00,3.09,4.78,20.197,14970000000.0,10190000000.0,41.05,3.38,1.33,27.68,1.33,1710000000.0,27.68,211000000.0,0.557,6.20,8.10,4970000000.0,12.8,2.917,2.917,12.493,564000000.0,1.802,1.19,67.52,14960000.0,2.196,3.90,12800000.0,underperform
49,2004-12-04 14:16:51,1102141011.0,aapl,62.68,-34.31834852771666,1191.369995,31.727517900276204,-66.04586642799286,2.632,88.41,3.08,5.03,3.33,3.94,3.86,6.02,21.419,24540000000.0,20060000000.0,37.09,2.21,2.42,61.54,2.42,1710000000.0,61.54,276000000.0,0.709,6.20,8.10,5460000000.0,13.96,2.632,2.632,12.968,564000000.0,1.775,1.26,72.07,19400000.0,1.508,5.02,12350000.0,underperform
50,2004-06-03 01:20:38,1086196838.0,aapl,28.92,-69.69506444514305,1116.640015,23.46476592611952,-93.15983037126256,2.921,63.70,1.49,2.33,2.36,2.31,2.54,3.95,19.326,10990000000.0,6070000000.0,37.08,2.89,0.85,21.08,0.85,1710000000.0,21.08,169000000.0,0.454,6.20,8.10,4590000000.0,12.09,2.921,2.921,12.042,361000000.0,1.701,1.06,66.12,11710000.0,1.978,3.12,17190000.0,underperform
51,2013-08-11 02:30:32,1376159432.0,aapl,454.45,376.2129309441475,1697.47998,87.68713782388863,288.52579312025887,13.75,11.33,2.47,3.40,22.28,29.46,17.20,32.11,181.40,394500000000.0,394500000000.0,10.73,0.64,2.33,7.06,2.33,68660000000.0,7.06,37750000000.0,40.11,21.80,0.90,42680000000.0,46.97,16960000000.0,1.88,135.79,52890000000.0,0.87,0.04,62.00,26040000.0,2.10,2.80,27730000.0,outperform
52,2005-02-04 03:07:08,1107457628.0,aapl,77.81,-18.463795452163893,1203.030029,33.01674571690661,-51.480541169070506,2.581,62.55,3.30,5.56,5.20,6.71,6.62,10.37,24.517,31480000000.0,26090000000.0,32.83,1.92,2.67,32.09,2.67,2260000000.0,32.09,508000000.0,1.24,300.00,33.40,6450000000.0,15.78,2.581,2.581,14.312,934000000.0,1.81,1.54,68.75,15590000.0,0.761,3.88,14380000.0,underperform
53,2005-01-26 15:16:47,1106723807.0,aapl,71.94,-24.614900974536315,1174.069946,29.814684335651183,-54.4295853101875,2.581,57.83,2.99,5.03,5.20,6.71,6.62,10.37,24.517,29100000000.0,22700000000.0,30.35,1.71,2.33,34.66,2.33,2260000000.0,34.66,508000000.0,1.244,300.00,33.40,6450000000.0,15.94,2.581,2.581,14.312,934000000.0,1.81,1.47,71.08,14380000.0,0.892,3.61,19400000.0,underperform
54,2005-03-01 10:36:03,1109644563.0,aapl,44.86,-52.991721680813164,1210.410034,33.83273885490874,-86.8244605357219,2.581,72.01,1.86,3.11,5.20,6.71,6.63,10.37,12.259,18330000000.0,30210000000.0,18.24,2.06,3.09,37.16,3.09,2260000000.0,37.16,508000000.0,0.62,300.00,33.40,6450000000.0,7.89,2.581,2.581,14.312,1490000000.0,1.8,1.54,74.88,30650000.0,0.87,3.81,31180000.0,underperform
55,2012-05-19 10:36:18,1337394978.0,pm,84.3,0.0,1324.800049,0.0,0.0,290.46,16.73,4.52,295.38,27.82,43.55,24.02,256.04,18.22,161040000000.0,161040000000.0,14.36,1.49,5.07,10.87,5.07,20420000000.0,10.87,8780000000.0,5.04,12.60,9.70,3580000000.0,2.10,20840000000.0,1.00,0.07,10030000000.0,0.92,0.14,0.50,9090000.0,1.60,0.50,8630000.0,underperform
56,2012-03-04 01:58:36,1330797516.0,pm,84.55,0.29655990510083036,1374.089966,3.72055519149517,-3.4239952863943395,051.90,17.43,4.66,633.31,27.63,43.22,23.82,257.96,17.66,161580000000.0,161580000000.0,14.33,1.28,5.20,11.19,5.20,20420000000.0,11.19,8539999999.999999,4.85,7.60,9.00,2550000000.0,1.48,18540000000.0,1.00,0.13,10530000000.0,0.82,0.14,0.50,10530000.0,1.70,0.60,14400000.0,underperform
57,2011-11-28 11:20:08,1322450408.0,pm,71.31,-15.40925266903914,1192.550049,-9.982638519663883,-5.426614149375256,486.02,15.13,4.07,58.26,27.76,43.42,22.62,178.87,17.11,138230000000.0,138230000000.0,13.63,1.17,4.54,9.72,4.54,17500000000.0,9.72,8410000000.0,4.71,30.50,26.40,3390000000.0,1.95,17760000000.0,0.94,1.22,138230000000.0,0.92,0.09,71.00,20620000.0,2.50,1.20,16370000.000000002,underperform
58,2013-05-09 22:32:40,1368109960.0,tel,44.5,45.424836601307184,1626.670044,29.718504306220094,15.70633229508709,39.18,16.56,1.41,2.42,8.66,12.83,5.72,15.76,31.32,20420000000.0,20420000000.0,12.61,1.07,1.54,8.72,1.54,4050000000.0,8.72,1220000000.0,2.69,7.80,0.50,1070000000.0000001,2.58,3030000000.0,1.50,18.54,2060000000.0,1.78,0.19,94.90,5660000.0,3.70,1.40,6030000.0,outperform
59,2013-04-23 04:29:25,1366662565.0,tel,39.55,29.24836601307188,1578.780029,25.899523843700162,3.348842169371718,37.35,15.07,1.25,2.03,8.52,12.68,5.89,15.33,31.15,18620000000.0,18620000000.0,11.20,0.96,1.41,8.09,1.41,4050000000.0,8.09,1200000000.0,2.63,6.50,1.10,972000000.0,2.31,3040000000.0,1.85,19.36,2130000000.0,1.79,0.19,94.90,6030000.0,4.10,1.40,6080000.0,outperform
60,2005-03-09 20:00:19,1110369619.0,pll,27.17,0.0,1207.01001,0.0,0.0,0.531,21.98,1.83,2.97,8.41,11.07,7.27,14.53,14.718,3370000000.0,3760000000.0,16.77,1.59,2.03,16.57,2.03,871630000.0,16.57,155790000.0,1.24,46.90,9.70,227140000.0,1.83,606560000.0,2.784,9.179,183090000.0,1.154,2.26,84.23,2390000.0,5.992,1.97,2390000.0,underperform
61,2005-04-04 22:27:11,1112624831.0,pll,26.9,-0.9937430990062683,1176.119995,-2.5592177980363187,1.5654746990300503,0.531,21.76,1.83,2.96,8.41,11.07,7.27,14.53,14.718,3350000000.0,3760000000.0,16.71,1.59,2.03,16.48,2.03,871630000.0,16.48,155790000.0,1.24,46.90,9.70,227140000.0,1.83,606560000.0,2.784,9.182,199570000.0,1.154,2.29,83.87,2470000.0,4.015,2.03,2390000.0,outperform
62,2005-01-19 10:07:37,1106100457.0,pll,27.3,0.47846889952152744,1184.630005,-1.8541689641828225,2.33263786370435,0.532,23.21,1.86,3.11,8.20,10.72,7.08,14.28,14.333,3390000000.0,3750000000.0,16.85,1.52,2.07,17.39,2.07,871630000.0,17.39,148600000.0,1.176,46.90,9.70,208390000.0,1.68,574260000.0,2.586,8.711,191950000.0,1.174,2.26,87.06,2390000.0,4.029,1.97,2850000.0,outperform
63,2004-09-16 23:12:51,1095347571.0,pll,24.25,-10.747147589252858,1123.5,-6.918750408706218,-3.8283971805466397,0.52,20.28,1.71,2.88,8.56,11.17,7.32,14.99,13.963,3030000000.0,3410000000.0,14.97,1.49,1.92,15.61,1.92,803600000.0,15.61,151590000.0,1.196,40.90,25.00,207280000.0,1.66,548170000.0,2.731,8.421,219450000.0,1.003,2.16,86.62,3200000.0,8.881,2.61,3110000.0,underperform
64,2013-04-25 02:16:56,1366827416.0,pll,65.81,142.2156790577843,1585.160034,31.329485328791932,110.88619372899238,41.67,13.14,2.73,4.29,21.77,17.18,8.61,19.29,23.27,6910000000.0,6910000000.0,18.49,1.46,2.59,11.36,2.59,1380000000.0,11.36,316130000.0,5.01,9.40,3.50,870230000.0,7.82,709910000.0,2.54,15.31,360250000.0,1.47,0.25,97.40,3580000.0,7.80,3.20,3530000.0,outperform
65,2004-11-26 13:51:32,1101448292.0,pll,27.94,2.8340080971659902,1182.650024,-2.018209111621198,4.852217208787188,0.52,23.34,1.94,3.29,8.56,11.17,7.32,14.99,13.972,3440000000.0,3780000000.0,17.25,1.75,2.14,17.33,2.14,871630000.0,17.33,151570000.0,1.197,46.90,9.70,207280000.0,1.68,548170000.0,2.555,8.502,191950000.0,1.105,2.28,87.72,2850000.0,7.281,2.36,3000000.0,outperform
66,2012-11-06 15:56:47,1352188607.0,cmcsa,37.29,0.0,1428.390015,0.0,0.0,58.26,17.01,1.61,2.03,9.68,19.45,4.70,11.84,22.90,127750000000.0,127750000000.0,16.64,1.29,2.07,6.45,2.07,18360000000.0,6.45,5970000000.0,2.19,132.70,15.40,10300000000.0,3.88,38590000000.0,1.04,18.40,15380000000.0,1.33,0.11,84.40,26330000.0,2.10,1.30,31680000.0,underperform
67,2013-01-18 21:46:35,1358516795.0,cmcsa,40.26,7.964601769911502,1485.97998,4.031809547478538,3.9327922224329637,58.26,18.38,1.72,2.17,9.68,19.45,4.70,11.84,22.90,134449999999.99998,134449999999.99998,18.06,1.39,2.18,6.79,2.18,18360000000.0,6.79,5970000000.0,2.19,132.70,15.40,10300000000.0,3.88,38590000000.0,1.04,18.40,15380000000.0,1.37,0.11,84.40,27240000.0,2.40,1.30,28790000.0,outperform
68,2013-05-15 12:06:08,1368590768.0,cmcsa,43.33,16.197371949584337,1658.780029,16.129349237995065,0.06802271158927198,95.40,18.27,1.81,2.37,10.18,19.82,4.97,14.21,23.69,156650000000.0,156650000000.0,15.64,1.03,2.49,7.71,2.49,42640000000.0,7.71,6420000000.0,2.37,17.40,2.90,4680000000.0,1.78,47230000000.0,0.65,18.30,14830000000.0,1.27,0.09,85.00,23860000.0,1.90,1.10,32630000.000000004,outperform
69,2012-07-16 21:38:22,1342445902.0,cmcsa,31.83,-14.641995172968628,1353.640015,-5.233164556950505,-9.408830616018122,59.06,19.77,1.47,1.81,7.58,19.54,4.58,8.85,21.46,121280000000.0,121280000000.0,14.47,1.10,2.07,6.33,2.07,18360000000.0,6.33,4440000000.0,1.61,29.80,22.70,2440000000.0,0.90,37780000000.0,0.60,17.61,15270000000.0,1.34,0.11,83.90,30440000.0,2.00,1.40,31450000.0,underperform
70,2011-09-04 02:03:53,1315073033.0,cmcsa,21.0,-43.68463395012068,1204.420044,-15.679889151283376,-28.0047447988373,63.38,15.32,1.30,1.27,8.43,20.47,4.32,8.12,16.43,95290000000.0,95290000000.0,10.93,0.86,2.09,5.84,2.09,22690000000.0,5.84,3850000000.0,1.37,15.60,50.50,2000000000.0,0.73,39560000000.0,0.66,16.97,95290000000.0,1.08,0.09,83.40,25720000.0,1.00,1.20,19790000.0,underperform
71,2005-04-04 10:24:15,1112581455.0,cmcsa,33.39,-10.458567980691871,1176.119995,-17.661144179868828,7.202576199176956,0.57,77.11,3.64,1.78,4.85,14.24,0.92,2.34,9.019,73860000000.0,95450000000.0,35.15,3.91,4.70,12.7,4.70,12850000000.0,12.7,970000000.0,0.43,70.10,10.70,2009999999.9999998,0.91,23590000000.0,0.409,18.725,5930000000.0,0.715,5.89,39.57,35540000.0,4.504,1.71,32250000.0,outperform
72,2012-11-23 11:50:58,1353642658.0,cmcsa,36.49,-2.1453472780906333,1409.150024,-1.3469704211002846,-0.7983768569903487,58.26,16.65,1.57,1.98,9.68,19.45,4.70,11.84,22.90,125250000000.0,125250000000.0,16.36,1.26,2.03,6.32,2.03,18360000000.0,6.32,5970000000.0,2.19,132.70,15.40,10300000000.0,3.88,38590000000.0,1.04,18.40,15380000000.0,1.33,0.11,84.40,29280000.0,2.30,1.40,26330000.0,underperform
73,2012-02-05 02:17:01,1328379421.0,cmcsa,27.15,-27.19227674979888,1325.540039,-7.200412696808159,-19.99186405299072,65.20,19.53,1.44,1.56,7.70,19.85,4.59,8.62,18.28,113140000000.0,113140000000.0,14.52,1.29,2.24,6.54,2.24,22690000000.0,6.54,3890000000.0,1.39,4.70,51.10,1810000000.0,0.66,40970000000.0,0.61,17.13,13650000000.0,1.16,0.11,82.90,27200000.0,1.90,1.30,20400000.0,underperform
74,2012-11-17 00:08:02,1353082082.0,cmcsa,35.45,-4.934298739608464,1355.48999,-5.103649859943884,0.16935112033541966,58.26,16.18,1.51,1.91,9.68,19.45,4.70,11.84,22.90,121670000000.0,121670000000.0,15.83,1.21,1.97,6.14,1.97,18360000000.0,6.14,5970000000.0,2.19,132.70,15.40,10300000000.0,3.88,38590000000.0,1.04,18.40,15380000000.0,1.33,0.11,84.40,29280000.0,2.30,1.40,26330000.0,outperform
75,2005-04-30 07:02:42,1114815762.0,grmn,39.5,97.5,1156.380005,30.62307598943928,66.87692401056071,3.614,19.75,5.52,4.70,27.41,35.49,21.61,25.46,7.291,4280000000.0000005,4080000000.0,14.31,1.18,5.13,13.38,5.13,411240000.0,13.38,218450000.0,2.00,15.20,33.10,314280000.0,2.9,3.614,3.614,8.639,208940000.0,0.956,39.03,27.01,6410000.0,9.918,9.69,6540000.0,outperform
76,2005-03-06 00:45:11,1110041111.0,grmn,51.93,159.65,1210.469971,36.73300326986142,122.91699673013858,3.605,27.52,7.23,5.90,26.98,35.49,21.00,24.61,6.993,5620000000.0,5300000000.0,18.82,1.42,6.95,19.59,6.95,330540000.0,19.59,205700000.0,1.89,25.10,23.20,314280000.0,2.91,3.605,3.605,8.636,228550000.0,0.959,38.97,26.97,6360000.0,7.469,9.63,5880000.0,outperform
77,2005-02-05 15:06:29,1107587189.0,grmn,56.96,184.8,1193.189941,34.78107513029645,150.01892486970357,3.172,29.20,8.76,7.29,29.88,35.63,23.08,27.02,6.529,6160000000.0,5870000000.0,24.77,1.92,8.25,20.61,8.25,330540000.0,20.61,212680000.0,1.95,25.10,23.20,366550000.0,3.39,3.172,3.172,7.91,228550000.0,0.936,38.97,26.50,5880000.0,5.699,8.90,5750000.0,outperform
78,2004-10-27 04:52:33,1098823953.0,grmn,47.71,138.54999999999998,1125.400024,27.123620451625502,111.42637954837448,4.36,28.78,7.57,5.86,27.67,34.94,20.92,23.95,5.996,5160000000.0,4640000000.0,22.29,1.80,7.10,18.22,7.10,330540000.0,18.22,180860000.0,1.658,25.10,23.20,305330000.0,2.82,4.36,4.36,7.802,187070000.0,0.882,39.97,23.25,7780000.0,14.255,11.99,6880000.0,outperform
79,2012-10-14 21:43:01,1350222181.0,se,29.03,0.0,1432.839966,0.0,0.0,124.91,17.52,3.69,2.31,20.95,32.32,3.74,12.50,8.00,30560000000.0,30560000000.0,16.22,3.02,5.87,12.61,5.87,2790000000.0,12.61,1080000000.0,1.66,24.30,6.40,142000000.0,0.22,11750000000.0,0.41,12.74,2009999999.9999998,0.90,0.14,65.70,9620000.0,3.00,1.50,9160000.0,underperform
80,2012-07-23 11:16:34,1343013394.0,se,30.41,4.753703065794002,1350.52002,-5.745229610659818,10.49893267645382,124.63,17.17,3.76,2.37,21.96,32.54,3.87,13.32,8.12,31540000000.0,31540000000.0,16.09,2.71,5.97,12.86,5.97,2790000000.0,12.86,1140000000.0,1.77,6.70,4.20,127000000.0,0.20,11820000000.0,0.44,12.85,2009999999.9999998,0.91,0.14,65.60,9080000.0,2.10,1.40,8930000.0,outperform
81,2011-04-18 18:17:23,1303121843.0,se,26.94,-7.199448846021357,1305.140015,-8.912366630622031,1.7129177846006742,129.67,16.74,3.60,2.28,21.21,33.85,4.12,13.57,7.63,29030000000.0,29030000000.0,14.64,2.32,5.87,12.42,5.87,2610000000.0,12.42,1040000000.0,1.61,45.50,6.50,130000000.0,0.20,11340000000.0,0.65,12.03,29030000000.0,0.92,0.36,64.50,8180000.0,2.60,1.30,8140000.000000001,outperform
82,2013-06-04 14:30:44,1370327444.0,se,30.83,6.200482259731302,1631.380005,13.856400136175429,-7.655917876444127,143.53,21.56,4.04,2.31,18.50,30.47,3.20,10.80,7.79,34700000000.0,34700000000.0,18.72,3.13,6.78,15.03,6.78,2660000000.0,15.03,947000000.0,1.43,2.10,2.90,213000000.0,0.32,14450000000.0,0.46,13.36,1970000000.0,0.88,0.14,69.90,9490000.0,2.20,1.40,11420000.0,underperform
83,2011-04-17 12:48:24,1303015704.0,se,27.48,-5.339304168101966,1314.52002,-8.257722342175375,2.918418174073409,129.67,17.08,3.56,2.25,21.21,33.85,4.12,13.57,7.63,29030000000.0,29030000000.0,14.93,2.32,5.87,12.42,5.87,2610000000.0,12.42,1040000000.0,1.61,45.50,6.50,130000000.0,0.20,11340000000.0,0.65,12.03,29030000000.0,0.92,0.36,64.50,8180000.0,2.60,1.30,8140000.000000001,outperform
84,2013-04-22 02:49:52,1366570192.0,agn,113.74,24.414788886458098,1562.5,37.84007186865783,-13.425282982199732,26.63,31.77,5.76,5.78,18.93,28.45,11.67,19.70,19.26,32500000000.0,32500000000.0,20.91,1.78,5.60,17.86,5.60,5030000000.0,17.86,1100000000.0,3.58,15.90,7.60,2960000000.0,9.94,1560000000.0,4.07,19.44,1600000000.0,0.63,0.16,88.20,4780000.0,3.80,1.60,4740000.0,underperform
85,2013-05-12 05:08:18,1368306498.0,agn,104.18,13.95755852111136,1626.670044,43.50100209379379,-29.543443572682428,40.37,36.17,5.19,5.75,14.90,28.58,11.79,21.16,19.73,30800000000.0,30800000000.0,19.12,1.57,5.20,16.49,5.20,5030000000.0,16.49,1140000000.0,2.88,94.60,8.30,2250000000.0,7.59,2160000000.0,3.83,17.93,1510000000.0,0.64,0.16,88.20,4940000.0,4.20,1.70,5030000.0,underperform
86,2004-11-02 14:09:49,1099375789.0,agn,72.5,-20.695690220958216,1130.560059,-0.264652937987823,-20.431037282970394,0.637,55.86,5.12,10.09,8.83,15.94,9.21,20.64,14.903,9730000000.0,9690000000.0,22.38,1.43,4.92,26.32,4.92,1440000000.0,26.32,173800000.0,1.298,169.80,24.30,650600000.0,4.85,602800000.0,3.024,7.186,424800000.0,0.165,1.98,89.42,3140000.0,2.86,2.38,2710000.0,underperform
87,2005-03-10 01:40:57,1110390057.0,agn,75.47,-17.446948151389197,1209.25,6.677188420591669,-24.124136571980866,0.522,26.60,4.85,8.89,18.48,25.78,18.90,40.70,15.383,9910000000.0,9610000000.0,20.73,1.34,4.70,18.22,4.70,1440000000.0,18.22,377100000.0,2.84,169.80,24.30,894800000.0,6.82,583200000.0,2.994,8.501,518600000.0,0.275,1.97,90.41,3200000.0,3.038,2.49,3400000.0,underperform
88,2004-08-10 02:33:38,1092076418.0,agn,69.32,-24.1741413257493,1079.040039,-4.809627824051618,-19.364513501697683,0.637,59.20,5.03,9.91,8.33,15.94,8.48,18.98,14.349,9310000000.0,9510000000.0,21.33,1.22,5.00,25.85,5.00,1440000000.0,25.85,157800000.0,1.171,169.80,24.30,650600000.0,4.85,602800000.0,3.024,7.186,365000000.0,0.144,1.98,89.14,2630000.0,4.17,2.00,2730000.0,underperform
89,2012-08-22 22:58:41,1345647521.0,agn,85.43,-6.5521767665718595,1413.48999,24.694759556626206,-31.246936323198064,28.52,25.05,4.64,4.80,18.79,28.29,11.99,20.24,18.49,24940000000.0,24940000000.0,17.91,1.53,4.44,14.22,4.44,4670000000.0,14.22,1050000000.0,3.41,19.80,5.20,2670000000.0,8.88,1560000000.0,4.42,18.02,1340000000.0,0.65,0.19,91.90,3300000.0,1.40,1.10,4270000.0,underperform
90,2011-08-17 19:47:33,1313581653.0,cah,41.89,-27.974552957359005,1193.890015,-17.94457439888624,-10.029978558472767,42.78,15.40,0.14,2.48,0.93,1.53,4.57,17.37,294.45,15070000000.0,15070000000.0,12.00,1.34,0.15,8.01,0.15,3780000000.0,8.01,966200000.0,2.72,9.30,9.40,1930000000.0,5.52,2500000000.0,1.22,16.74,15070000000.0,0.88,0.08,85.70,4010000.0,1.30,1.20,5360000.0,underperform
91,2005-01-25 11:55:39,1106625339.0,cah,54.1,-6.980742778541946,1168.410034,-19.695799938085752,12.715057159543807,0.396,16.53,0.35,2.86,2.10,3.24,6.69,17.85,155.441,23380000000.0,25270000000.0,13.26,0.93,0.37,10.07,0.37,4740000000.0,10.07,1420000000.0,3.273,4.90,14.70,1360000000.0,3.15,3260000000.0,1.38,19.025,3220000000.0,0.382,1.18,80.31,7640000.0,3.73,1.79,8400000.0,outperform
92,2005-03-08 20:25:26,1110284726.0,cah,57.65,-0.8768913342503406,1219.430054,-16.189221105296593,15.312329771046253,0.329,20.08,0.36,2.92,1.79,2.76,5.85,15.42,159.978,25000000000.0,26380000000.0,14.67,1.11,0.38,11.58,0.38,4740000000.0,11.58,1250000000.0,2.87,4.90,14.70,1490000000.0,3.43,2820000000.0,1.374,19.768,3600000000.0,0.372,1.18,83.26,7730000.0,3.036,1.80,7640000.0,outperform
93,2013-04-25 03:34:17,1366832057.0,cah,44.39,-23.67606602475928,1585.160034,8.947205857774065,-32.623271882533345,44.28,13.48,0.14,2.28,1.09,1.86,4.97,18.35,305.99,15570000000.0,15570000000.0,12.30,1.17,0.15,6.80,0.15,4540000000.0,6.80,1140000000.0,3.29,15.60,6.80,2260000000.0,6.62,2900000000.0,1.26,19.18,1220000000.0,0.46,0.12,87.00,4150000.0000000005,0.90,1.50,5000000.0,underperform
94,2005-05-27 11:11:07,1117163467.0,cah,58.13,-0.05158184319118644,1198.780029,-17.608486338073188,17.556904494882,0.333,21.37,0.34,2.88,1.64,2.54,5.52,14.44,165.887,24890000000.0,26020000000.0,15.46,1.28,0.36,11.72,0.36,4740000000.0,11.72,1190000000.0,2.72,4.90,14.70,1760000000.0,4.12,2890000000.0,1.366,20.177,3600000000.0,0.391,1.16,83.56,6290000.0,3.593,1.49,7040000.0,outperform
95,2012-06-10 10:07:46,1339294066.0,cbg,16.24,-28.740675734971482,1314.98999,5.0143780112637915,-33.755053746235276,235.33,22.81,0.85,4.27,3.82,9.02,6.04,18.54,19.00,7680000000.0,7680000000.0,10.75,0.77,1.27,11.18,1.27,2450000000.0,11.18,192520000.0,0.71,21.50,13.90,830850000.0,2.59,3300000000.0,1.40,3.78,176150000.0,2.26,8.87,85.90,3800000.0,1.30,1.30,3810000.0,underperform
96,2013-04-22 01:19:16,1366564756.0,cbg,23.83,4.563405002193941,1562.5,24.7803914025229,-20.216986400328956,223.06,24.69,1.16,4.92,4.84,9.69,5.25,19.63,20.21,10240000000.0,10240000000.0,14.18,1.27,1.57,12.78,1.57,2770000000.0,12.78,314920000.0,0.97,116.90,13.70,1190000000.0,3.70,3750000000.0,1.37,4.78,291080000.0,2.17,1.52,94.10,5630000.0,2.20,2.00,7020000.0,underperform
97,2011-08-19 11:09:39,1313723379.0,cbg,14.6,-35.93681439227731,1123.530029,-10.275509266490943,-25.66130512578637,221.32,18.99,0.84,4.28,4.49,9.45,6.39,21.63,17.48,6630000000.0,6630000000.0,9.73,0.93,1.20,10.60,1.20,2160000000.0,10.60,223680000.0,0.77,11.70,21.40,752110000.0,2.37,2740000000.0,1.46,3.41,6630000000.0,2.67,1.45,95.70,6680000.0,1.50,2.30,7200000.0,underperform
98,2005-01-13 13:27:41,1105594061.0,hrs,57.69,0.0,1177.449951,0.0,0.0,0.308,27.92,1.46,2.90,5.31,8.75,6.40,11.04,38.749,3860000000.0,3700000000.0,18.73,1.31,1.40,12.99,1.40,630300000.0,12.99,140300000.0,2.066,123.20,20.40,562800000.0,8.41,408900000.0,3.011,19.882,193300000.0,0.227,0.58,90.58,2130000.0,4.292,3.20,2750000.0,underperform
99,2011-10-20 07:46:18,1319067978.0,hrs,35.79,-37.96151846073843,1215.390015,3.2222230734968957,-41.18374153423533,82.49,7.78,0.73,1.76,9.93,17.16,11.64,24.97,47.28,6000000000.0,6000000000.0,6.57,0.74,1.01,4.88,1.01,2109999999.9999998,4.88,580800000.0,4.60,11.80,14.50,372300000.0,3.10,2069999999.9999998,1.55,20.32,6000000000.0,0.80,0.33,85.60,15070000.0,9.90,12.80,14910000.0,underperform
100,2005-01-19 17:22:30,1106126550.0,px,42.16,0.0,1184.630005,0.0,0.0,0.857,20.83,2.20,4.09,10.94,16.88,8.18,21.44,18.906,13690000000.0,16640000000.0,17.64,2.03,2.65,10.29,2.65,2280000000.0,10.29,671000000.0,2.024,43.00,9.50,22000000.0,0.07,2890000000.0,0.97,10.375,1200000000.0,0.983,0.22,81.64,3430000.0,3.112,1.06,3570000.0,underperform
101,2005-03-19 09:18:40,1111195120.0,px,47.9,13.614800759013287,1188.069946,0.2903810460212081,13.324419712992079,0.977,22.77,2.34,4.30,10.86,16.73,8.19,21.27,19.903,15440000000.0,18960000000.0,17.42,1.99,2.88,11.28,2.88,2610000000.0,11.28,697000000.0,2.10,19.10,17.50,25000000.0,0.08,3530000000.0,0.93,11.149,1240000000.0,0.902,0.99,81.74,2720000.0,1.902,0.85,2610000.0,outperform
102,2013-05-10 12:17:11,1368159431.0,px,114.23,170.9440227703985,1633.699951,37.90803407853915,133.03598869185936,127.95,20.65,3.00,5.48,14.76,21.51,8.29,25.87,37.86,42480000000.0,42480000000.0,16.95,1.54,3.77,12.35,3.77,4830000000.0,12.35,1660000000.0,5.53,6.70,1.70,113000000.0,0.38,8680000000.0,1.09,20.86,2820000000.0,0.75,0.10,0.50,3210000.0,2.70,1.10,3180000.0,outperform
103,2013-04-22 02:13:48,1366568028.0,px,109.75,160.31783681214424,1562.5,31.89772278307268,128.42011402907156,110.33,19.56,2.90,5.36,15.08,21.63,8.81,27.49,37.63,39710000000.0,39710000000.0,16.05,1.53,3.54,11.58,3.54,4830000000.0,11.58,1690000000.0,5.61,1.40,0.10,157000000.0,0.53,7360000000.0,1.13,20.47,2750000000.0,0.74,0.10,0.50,3180000.0,2.90,1.10,2980000.0,outperform
104,2005-04-10 04:31:32,1113078692.0,px,48.43,14.871916508538908,1191.140015,0.5495395163488169,14.32237699219009,0.977,23.02,2.38,4.36,10.86,16.73,8.19,21.27,19.903,15610000000.0,19110000000.0,17.61,2.00,2.90,11.37,2.90,2610000000.0,11.37,697000000.0,2.10,19.10,17.50,25000000.0,0.08,3530000000.0,0.93,11.149,1240000000.0,0.788,0.99,81.11,3370000.0,2.481,1.06,2720000.0,outperform
105,2012-11-04 11:00:48,1351998048.0,px,109.7,160.19924098671729,1427.589966,20.509353973353058,139.68988701336423,108.30,19.55,2.87,5.36,15.13,22.06,9.22,27.49,37.53,39620000000.0,39620000000.0,17.64,1.89,3.53,11.42,3.53,4790000000.0,11.42,1700000000.0,5.61,0.20,4.20,108000000.0,0.36,7140000000.0,1.12,20.24,2660000000.0,0.82,0.10,0.60,2870000.0,2.70,1.00,2600000.0,outperform
